cluster,title,count
0,Software Engineer Intern,29
0,Junior Software Engineer,26
0,Software Engineer I,25
0,Software Engineering Intern,22
0,IT Intern,14
0,Junior Software Developer,14
0,Cybersecurity Intern,11
0,Software Developer I,9
0,Information Security Analyst I,7
0,Network Engineer I,7
1,Data Science Intern,21
1,Data Scientist I,21
1,Junior Data Scientist,12
1,Machine Learning Intern,5
1,Data Scientist Intern,5
1,"Data Scientist, Mid",4
1,2025 Intern - Data Scientist,4
1,Machine Learning Engineer (Intern - Summer 2025),4
1,"Data Science Intern, Visa Predictive Models - Summer 2025",3
1,Data Science Intern (Summer 2025),3
2,Software Engineer I,41
2,Junior Software Engineer,23
2,Software Engineer Intern,19
2,Junior Software Developer,16
2,Software Engineering Intern,13
2,Junior Full Stack Developer,11
2,Software Developer I,8
2,Mid-Level Software Engineer,7
2,Junior Web Developer,7
2,Software Developer Intern,7
